id,neighbourhood_cleansed,latitude,longitude,property_type,room_type,accommodates,bedrooms,beds,nightly_price,availability_30,availability_90,availability_365,number_of_reviews,review_scores_rating,estimated_occupancy_l365d,estimated_revenue_l365d
2992450,THIRD WARD,42.65789,-73.7537,Entire rental unit,Entire home/apt,4,2.0,2.0,80.43,0,0,77,9,3.56,0,0.0
3820211,SIXTH WARD,42.65222,-73.76724,Entire rental unit,Entire home/apt,3,1.0,1.0,211.0,0,53,328,317,4.75,48,10128.0
5651579,SECOND WARD,42.64615,-73.75966,Entire rental unit,Entire home/apt,2,,1.0,97.0,2,25,25,406,4.52,222,21534.0
6623339,SIXTH WARD,42.65222,-73.76724,Entire rental unit,Entire home/apt,2,1.0,1.0,160.0,27,84,359,332,4.73,6,960.0
9501054,SECOND WARD,42.64734,-73.75851,Private room in rental unit,Private room,2,,2.0,86.0,23,55,235,469,4.58,255,21930.0
10768745,FOURTEENTH WARD,42.66078,-73.80553,Private room in guest suite,Private room,1,,1.0,58.0,15,64,154,906,4.84,255,14790.0
11253948,FIFTEENTH WARD,42.67567,-73.82438,Entire place,Entire home/apt,10,3.0,4.0,277.31,26,82,357,227,4.96,216,59899.0
11639446,ELEVENTH WARD,42.67583,-73.78297,Private room in home,Private room,1,,1.0,62.87,29,89,364,231,4.81,0,0.0
12799126,SIXTH WARD,42.65154,-73.76867,Private room in rental unit,Private room,1,,2.0,64.0,1,1,263,29,4.83,10,640.0
13083497,FIFTEENTH WARD,42.66972,-73.82753,Entire home,Entire home/apt,6,4.0,4.0,313.0,14,55,319,200,4.66,66,20658.0
14316232,TENTH WARD,42.65726,-73.78219,Private room in home,Private room,1,,1.0,51.89,0,35,276,55,4.67,36,1868.0
14989805,FIFTEENTH WARD,42.673512,-73.819679,Entire home,Entire home/apt,7,2.0,2.0,394.0,0,30,305,143,4.95,180,70920.0
15580397,NINTH WARD,42.65651,-73.77887,Private room in home,Private room,2,,1.0,68.5,20,80,97,55,4.69,42,2877.0
16531782,FOURTEENTH WARD,42.66075,-73.80605,Private room in guest suite,Private room,2,,1.0,92.0,17,64,333,604,4.78,255,23460.0
17238066,FIFTH WARD,42.67614,-73.78169,Private room in home,Private room,1,,1.0,60.67,29,89,364,132,4.92,0,0.0
17514620,TENTH WARD,42.6584,-73.78309,Private room in home,Private room,1,,1.0,52.43,16,57,332,56,4.75,0,0.0
18341426,FIFTEENTH WARD,42.67637,-73.82395,Entire home,Entire home/apt,6,2.0,3.0,411.5,15,75,350,58,4.97,0,0.0
19527043,NINTH WARD,42.65312,-73.78161,Private room in home,Private room,2,,1.0,92.0,2,48,228,92,4.96,60,5520.0
20519885,FOURTEENTH WARD,42.65846,-73.80201,Entire home,Entire home/apt,9,5.0,6.0,388.0,13,70,334,132,4.94,120,46560.0
20620135,FIFTEENTH WARD,42.675,-73.82382,Entire home,Entire home/apt,6,2.0,3.0,246.49,4,49,324,102,4.91,126,31058.0
20633175,SEVENTH WARD,42.64939,-73.76865,Entire rental unit,Entire home/apt,4,1.0,2.0,194.0,24,80,355,132,4.91,6,1164.0
20671966,NINTH WARD,42.65532,-73.78244,Entire home,Entire home/apt,2,1.0,1.0,128.5,0,0,258,54,4.89,36,4626.0
21052414,THIRTEENTH WARD,42.66565,-73.77975,Private room in home,Private room,2,,1.0,51.23,24,84,359,49,4.8,108,5533.0
21392315,NINTH WARD,42.65372,-73.78244,Entire rental unit,Entire home/apt,2,1.0,1.0,131.5,0,14,259,140,4.86,48,6312.0
21449583,FIFTEENTH WARD,42.67547,-73.82402,Entire home,Entire home/apt,10,4.0,5.0,845.75,29,89,364,9,5.0,8,6766.0
21752534,TENTH WARD,42.66045,-73.77833,Entire rental unit,Entire home/apt,4,1.0,2.0,114.33,0,0,236,191,4.75,60,6860.0
21769213,ELEVENTH WARD,42.66572,-73.77834,Private room in home,Private room,2,,,,0,17,17,36,4.78,144,
21769439,ELEVENTH WARD,42.66703,-73.77842,Private room in home,Private room,1,,1.0,49.0,0,28,303,28,4.79,80,3920.0
22398196,NINTH WARD,42.65501,-73.78122,Private room in home,Private room,2,,1.0,103.0,15,37,312,142,4.91,120,12360.0
24606880,NINTH WARD,42.65431,-73.78178,Private room in guest suite,Private room,2,,1.0,97.0,19,77,352,58,4.93,48,4656.0
25549565,SIXTH WARD,42.65345,-73.7645,Entire guest suite,Entire home/apt,2,1.0,3.0,115.0,0,13,102,996,4.9,255,29325.0
26139592,SIXTH WARD,42.65403,-73.76325,Entire rental unit,Entire home/apt,4,1.0,1.0,137.0,14,47,309,173,4.86,186,25482.0
27670660,NINTH WARD,42.6543083190918,-73.78177642822266,Private room in rental unit,Private room,2,,1.0,100.0,0,42,296,39,5.0,78,7800.0
27692601,EIGHTH WARD,42.64514,-73.80668,Entire home,Entire home/apt,4,2.0,5.0,342.5,23,79,169,17,4.94,18,6165.0
28400263,NINTH WARD,42.65464,-73.78348,Private room in rental unit,Private room,2,,1.0,69.0,11,60,224,280,4.96,60,4140.0
28722270,SECOND WARD,42.64535,-73.75365,Entire loft,Entire home/apt,5,1.0,2.0,142.0,24,78,353,749,4.8,255,36210.0
28868857,SECOND WARD,42.64535,-73.75365,Entire rental unit,Entire home/apt,3,1.0,2.0,119.0,8,63,338,692,4.72,255,30345.0
28929840,FOURTH WARD,42.6737,-73.75313,Private room in home,Private room,2,,1.0,195.0,2,44,149,9,5.0,12,2340.0
29605579,SIXTH WARD,42.65235,-73.76714,Entire rental unit,Entire home/apt,2,1.0,1.0,186.0,24,82,357,137,4.71,180,33480.0
30189794,NINTH WARD,42.6533,-73.78114,Private room in home,Private room,1,,1.0,100.0,0,0,225,78,4.95,60,6000.0
32279028,EIGHTH WARD,42.64936,-73.80278,Private room in home,Private room,1,,,,0,0,0,220,4.96,42,
32450400,FOURTH WARD,42.6761,-73.73825,Private room in home,Private room,4,2.0,2.0,202.67,30,90,270,1,5.0,0,0.0
32993402,SECOND WARD,42.64563,-73.75311,Entire rental unit,Entire home/apt,6,2.0,3.0,188.0,16,73,348,488,4.69,216,40608.0
33558235,SECOND WARD,42.64585,-73.75297,Entire rental unit,Entire home/apt,6,2.0,2.0,186.0,20,75,350,505,4.74,252,46872.0
35793179,SEVENTH WARD,42.65259,-73.78223,Private room in home,Private room,2,,1.0,69.0,2,48,228,224,4.99,156,10764.0
35914565,SECOND WARD,42.64506,-73.75727,Entire rental unit,Entire home/apt,2,1.0,1.0,145.0,26,73,73,336,4.81,150,21750.0
36443605,THIRTEENTH WARD,42.66619,-73.79031,Entire rental unit,Entire home/apt,4,2.0,2.0,97.07,30,90,365,54,4.8,0,0.0
38321579,EIGHTH WARD,42.65085,-73.80239,Private room in home,Private room,1,,1.0,75.0,13,56,236,490,4.97,255,19125.0
39093517,SIXTH WARD,42.65507,-73.76138,Entire rental unit,Entire home/apt,4,2.0,2.0,230.0,0,31,306,57,4.77,66,15180.0
39698576,NINTH WARD,42.65483,-73.78033,Entire rental unit,Entire home/apt,4,1.0,1.0,131.8,0,0,269,25,4.48,10,1318.0
39864828,FOURTH WARD,42.66091,-73.74285,Entire rental unit,Entire home/apt,4,2.0,2.0,303.0,0,1,169,247,4.94,54,16362.0
40491172,THIRTEENTH WARD,42.66827,-73.79231,Entire rental unit,Entire home/apt,5,2.0,3.0,137.0,0,0,254,147,4.86,96,13152.0
40828178,FOURTH WARD,42.67773,-73.73899,Entire home,Entire home/apt,4,1.0,3.0,177.0,0,30,224,175,4.99,12,2124.0
42009788,SIXTH WARD,42.65315,-73.76202,Entire rental unit,Entire home/apt,4,2.0,2.0,132.4,25,85,360,25,4.76,0,0.0
42567833,NINTH WARD,42.65567,-73.7854,Entire rental unit,Entire home/apt,4,3.0,,77.54,30,90,365,0,,0,0.0
42763847,FIRST WARD,42.63876,-73.78535,Entire home,Entire home/apt,6,3.0,3.0,294.42,7,7,140,142,4.78,144,42396.0
43208391,SECOND WARD,42.64453,-73.75426,Entire rental unit,Entire home/apt,4,2.0,2.0,293.0,29,74,74,134,4.84,114,33402.0
43459803,SIXTH WARD,42.65556,-73.76205,Entire rental unit,Entire home/apt,3,1.0,2.0,301.0,30,90,365,24,4.96,36,10836.0
43736299,TENTH WARD,42.66257,-73.78281,Entire home,Entire home/apt,6,3.0,,,0,0,0,131,4.85,0,
43955950,EIGHTH WARD,42.64383,-73.78926,Entire home,Entire home/apt,6,3.0,3.0,370.5,11,58,58,92,4.91,6,2223.0
44180048,SIXTH WARD,42.65935,-73.76805,Entire rental unit,Entire home/apt,4,,1.0,140.0,5,32,306,401,4.97,174,24360.0
44265426,SIXTH WARD,42.66006,-73.76966,Entire rental unit,Entire home/apt,4,1.0,2.0,159.0,6,52,320,330,4.99,168,26712.0
44450012,EIGHTH WARD,42.64808,-73.7996,Entire rental unit,Entire home/apt,4,2.0,2.0,173.54,3,31,242,28,4.86,52,9024.0
45024912,FOURTEENTH WARD,42.66132,-73.7956,Entire rental unit,Entire home/apt,3,1.0,1.0,168.0,28,83,358,134,4.95,30,5040.0
45074220,SECOND WARD,42.64454,-73.75369,Entire loft,Entire home/apt,4,,3.0,166.0,29,73,73,57,4.68,102,16932.0
45528939,SECOND WARD,42.64801,-73.75668,Entire rental unit,Entire home/apt,3,1.0,1.0,217.0,26,80,185,102,4.61,18,3906.0
45529316,SECOND WARD,42.64821,-73.75793,Entire rental unit,Entire home/apt,3,1.0,1.0,217.0,9,62,330,132,4.79,54,11718.0
45529447,SECOND WARD,42.64713,-73.75628,Entire rental unit,Entire home/apt,4,2.0,2.0,234.0,22,75,183,155,4.64,54,12636.0
46894493,NINTH WARD,42.65311,-73.78525,Entire home,Entire home/apt,4,2.0,2.0,331.0,0,18,234,280,4.99,132,43692.0
47334913,THIRTEENTH WARD,42.66646,-73.79184,Entire rental unit,Entire home/apt,5,2.0,2.0,133.67,22,79,243,121,4.88,150,20051.0
47345872,SIXTH WARD,42.65345,-73.76663,Entire rental unit,Entire home/apt,2,1.0,1.0,180.0,17,60,335,116,4.71,255,45900.0
47408047,FOURTEENTH WARD,42.67156,-73.80883,Entire rental unit,Entire home/apt,3,1.0,1.0,121.73,14,63,335,85,4.91,84,10225.0
47440071,THIRTEENTH WARD,42.6692,-73.79849,Private room in home,Private room,3,,,150.0,2,2,2,216,4.96,255,38250.0
47828453,THIRD WARD,42.656,-73.76123,Entire rental unit,Entire home/apt,3,2.0,3.0,197.67,0,0,205,29,4.55,48,9488.0
47943571,THIRD WARD,42.65118,-73.75274,Entire rental unit,Entire home/apt,4,1.0,2.0,218.0,17,69,248,190,4.84,120,26160.0
48052353,TENTH WARD,42.66261,-73.78332,Entire home,Entire home/apt,6,3.0,4.0,264.75,14,59,331,175,4.79,48,12708.0
48124042,THIRD WARD,42.64982,-73.7509,Entire rental unit,Entire home/apt,6,2.0,3.0,276.0,4,4,162,257,4.89,156,43056.0
48172884,NINTH WARD,42.65399,-73.78126,Private room in home,Private room,1,,1.0,86.0,8,23,265,92,4.93,84,7224.0
48470454,THIRTEENTH WARD,42.66526412963867,-73.78692626953125,Entire home,Entire home/apt,13,6.0,7.0,1040.5,24,67,339,67,4.93,132,137346.0
48599533,SIXTH WARD,42.65429,-73.75986,Entire rental unit,Entire home/apt,2,1.0,1.0,149.0,5,56,146,109,4.66,36,5364.0
50171851,SIXTH WARD,42.65157,-73.76546,Entire rental unit,Entire home/apt,2,1.0,1.0,126.5,0,8,88,221,4.99,180,22770.0
50207226,FOURTH WARD,42.65888,-73.74673,Entire rental unit,Entire home/apt,3,1.0,1.0,215.0,18,76,185,105,4.72,96,20640.0
50211226,ELEVENTH WARD,42.66034,-73.77163,Entire rental unit,Entire home/apt,3,1.0,2.0,188.5,0,43,318,201,4.97,96,18096.0
50354540,SIXTH WARD,42.65333,-73.76402,Entire rental unit,Entire home/apt,4,2.0,2.0,207.33,30,87,362,20,4.45,24,4976.0
50639032,FIFTEENTH WARD,42.67945,-73.81647,Private room in home,Private room,1,1.0,1.0,96.0,0,29,119,46,4.93,6,576.0
50890336,FOURTH WARD,42.65901,-73.74748,Entire rental unit,Entire home/apt,2,1.0,1.0,217.0,30,85,194,47,4.64,12,2604.0
51230498,THIRD WARD,42.66064,-73.76074,Room in aparthotel,Entire home/apt,2,1.0,,112.0,0,0,125,278,4.73,138,15456.0
51461480,TENTH WARD,42.65969,-73.77564,Entire rental unit,Entire home/apt,2,1.0,1.0,126.0,12,56,146,32,4.94,18,2268.0
51579900,FOURTH WARD,42.65856,-73.74866,Entire rental unit,Entire home/apt,3,1.0,1.0,165.5,0,22,131,89,4.74,60,9930.0
51592836,THIRD WARD,42.65844,-73.74978,Entire rental unit,Entire home/apt,2,1.0,1.0,161.5,29,85,360,98,4.74,48,7752.0
52152157,FIRST WARD,42.63066,-73.77357,Entire townhouse,Entire home/apt,5,2.0,2.0,195.67,1,45,135,93,4.89,120,23480.0
52241973,SIXTH WARD,42.65641,-73.76413,Entire guest suite,Entire home/apt,2,,1.0,118.0,11,59,59,401,4.91,255,30090.0
52360097,SIXTH WARD,42.65386,-73.75958,Entire rental unit,Entire home/apt,2,1.0,1.0,149.0,21,78,353,81,4.64,30,4470.0
52611613,NINTH WARD,42.65674,-73.79221,Entire home,Entire home/apt,6,3.0,3.0,268.0,13,67,243,158,4.93,120,32160.0
52691284,TENTH WARD,42.66236,-73.79245,Entire home,Entire home/apt,12,5.0,7.0,819.0,16,58,236,113,4.94,138,113022.0
52837196,FOURTH WARD,42.65812,-73.74837,Entire rental unit,Entire home/apt,3,1.0,1.0,217.0,30,87,196,88,4.67,72,15624.0
52863776,SIXTH WARD,42.65826,-73.76944,Entire rental unit,Entire home/apt,4,1.0,2.0,154.0,13,57,327,283,4.96,255,39270.0
53483727,FOURTEENTH WARD,42.65824,-73.80114,Entire vacation home,Entire home/apt,9,5.0,5.0,315.0,14,50,230,188,4.92,180,56700.0
53567589,SIXTH WARD,42.65204,-73.76655,Entire rental unit,Entire home/apt,2,1.0,1.0,177.0,17,72,89,308,4.86,234,41418.0
53645427,FOURTH WARD,42.65913,-73.74722,Entire rental unit,Entire home/apt,5,2.0,2.0,269.0,19,69,178,144,4.59,144,38736.0
53860077,FIFTEENTH WARD,42.674675,-73.822861,Entire cottage,Entire home/apt,10,4.0,6.0,700.5,21,81,356,62,4.97,132,92466.0
53971505,FOURTH WARD,42.65873,-73.7494,Entire rental unit,Entire home/apt,2,1.0,,,30,90,365,3,5.0,0,
54126420,TENTH WARD,42.66261,-73.79026,Entire rental unit,Entire home/apt,2,1.0,1.0,146.0,0,0,248,124,4.76,114,16644.0
54126421,SIXTH WARD,42.65422,-73.76996,Entire rental unit,Entire home/apt,4,2.0,3.0,183.0,14,61,325,82,4.9,78,14274.0
54126427,SIXTH WARD,42.65403,-73.77056,Entire rental unit,Entire home/apt,2,1.0,1.0,173.0,16,62,337,192,4.88,255,44115.0
54150131,SIXTH WARD,42.65143,-73.76497,Entire townhouse,Entire home/apt,8,3.0,,,0,0,0,266,4.98,234,
54369238,NINTH WARD,42.65578,-73.78641,Entire townhouse,Entire home/apt,6,2.0,2.0,143.67,13,67,219,87,4.89,174,24999.0
54369240,TENTH WARD,42.65905,-73.77964,Entire rental unit,Entire home/apt,3,1.0,1.0,136.67,0,44,319,66,4.73,54,7380.0
559249822516788574,NINTH WARD,42.66062,-73.79112,Entire rental unit,Entire home/apt,2,1.0,2.0,95.17,28,88,363,2,3.0,0,0.0
588298411730694861,SECOND WARD,42.64441,-73.75647,Entire rental unit,Entire home/apt,2,1.0,1.0,107.69,0,0,166,17,5.0,78,8400.0
593272120497643087,THIRTEENTH WARD,42.66911,-73.79869,Private room in home,Private room,2,,,124.0,3,3,3,157,4.96,186,23064.0
617242073954595468,SIXTH WARD,42.65353,-73.7679,Entire rental unit,Entire home/apt,2,1.0,1.0,177.0,22,74,91,242,4.84,255,45135.0
619695112394148331,SECOND WARD,42.64489,-73.75731,Entire rental unit,Entire home/apt,2,1.0,1.0,151.69,0,7,282,12,5.0,52,7888.0
621960198566758900,FOURTEENTH WARD,42.66762,-73.79919,Entire home,Entire home/apt,12,4.0,4.0,1701.0,8,43,148,18,4.94,18,30618.0
628163387057233327,SECOND WARD,42.64528,-73.75861,Entire rental unit,Entire home/apt,2,1.0,1.0,208.0,25,80,189,66,4.76,54,11232.0
628824127129967353,THIRD WARD,42.66169974831227,-73.76466827605744,Private room in rental unit,Private room,1,2.0,2.0,93.67,28,88,88,0,,0,0.0
634108143238179968,SIXTH WARD,42.65323,-73.76797,Entire rental unit,Entire home/apt,5,3.0,,,0,0,0,103,4.97,120,
638900897313146306,SECOND WARD,42.645351,-73.753647,Entire rental unit,Entire home/apt,4,1.0,1.0,1267.0,30,90,365,10,3.7,0,0.0
649973892551492641,SECOND WARD,42.64625,-73.75663,Entire rental unit,Entire home/apt,2,,1.0,215.86,0,0,166,8,4.75,0,0.0
658638185191740358,FIRST WARD,42.6374547,-73.7716647,Entire home,Entire home/apt,4,4.0,4.0,213.8,22,82,357,5,5.0,0,0.0
662132809952482192,FIRST WARD,42.6378819,-73.7715269,Entire home,Entire home/apt,4,4.0,3.0,175.51,30,90,365,2,5.0,0,0.0
677623197606854496,SECOND WARD,42.64531,-73.75963,Entire rental unit,Entire home/apt,4,2.0,,,0,0,0,28,4.86,0,
689719338468663432,SIXTH WARD,42.65405765037151,-73.76071299629517,Entire condo,Entire home/apt,2,1.0,1.0,149.0,17,56,315,348,4.89,255,37995.0
692807914756117019,ELEVENTH WARD,42.6623,-73.777,Entire rental unit,Entire home/apt,2,1.0,1.0,84.47,0,0,166,103,4.81,0,0.0
699073700185633508,SECOND WARD,42.6468502,-73.7587258,Entire condo,Entire home/apt,4,2.0,2.0,436.0,0,2,122,10,5.0,30,13080.0
703551649845095095,THIRTEENTH WARD,42.67075,-73.79704,Entire guest suite,Entire home/apt,7,3.0,5.0,290.0,9,57,160,6,4.67,12,3480.0
704544922160063127,THIRTEENTH WARD,42.67485,-73.79867,Entire rental unit,Entire home/apt,2,1.0,1.0,145.33,27,72,162,9,4.89,36,5232.0
705660262559003663,SECOND WARD,42.64577,-73.7583,Entire rental unit,Entire home/apt,2,1.0,1.0,231.54,0,0,166,10,4.9,52,12040.0
717373135846408345,THIRTEENTH WARD,42.67261,-73.79262,Entire rental unit,Entire home/apt,4,2.0,2.0,227.5,19,65,65,75,4.89,60,13650.0
735879623743921266,THIRD WARD,42.64564,-73.75261,Entire rental unit,Entire home/apt,4,1.0,1.0,155.0,24,82,357,114,4.71,198,30690.0
736893992132754814,SIXTH WARD,42.65643,-73.76402,Private room in rental unit,Private room,1,1.0,1.0,29.87,0,44,319,3,4.67,0,0.0
737574278276037589,TENTH WARD,42.66069,-73.78555,Entire rental unit,Entire home/apt,6,4.0,4.0,403.0,0,0,66,46,4.61,0,0.0
739722503092755616,NINTH WARD,42.6543178,-73.7818222,Private room in home,Private room,1,,1.0,86.0,5,49,324,47,4.89,54,4644.0
744430701454304507,SEVENTH WARD,42.6496,-73.76792,Entire rental unit,Entire home/apt,2,1.0,1.0,147.0,24,80,355,47,4.98,96,14112.0
756752556396798800,SIXTH WARD,42.65259,-73.76732,Private room in rental unit,Private room,1,,2.0,55.4,1,61,241,22,4.77,160,8864.0
757342235277207834,SIXTH WARD,42.65534,-73.76461,Entire rental unit,Entire home/apt,2,1.0,1.0,103.6,0,37,312,15,5.0,14,1450.0
757978037279611051,THIRTEENTH WARD,42.67261,-73.79262,Entire rental unit,Entire home/apt,4,2.0,2.0,249.0,25,36,36,70,4.89,108,26892.0
761141715827746314,SIXTH WARD,42.65405,-73.76953,Entire rental unit,Entire home/apt,4,1.0,1.0,183.0,0,0,259,50,4.9,30,5490.0
764508866835218670,TENTH WARD,42.66117,-73.79091,Private room in home,Private room,1,,1.0,115.0,9,10,10,44,5.0,78,8970.0
774701102203414342,FOURTEENTH WARD,42.6601,-73.80719,Entire rental unit,Entire home/apt,2,1.0,1.0,91.4,1,51,231,78,4.9,120,10968.0
784781397995494758,FOURTEENTH WARD,42.66298,-73.81361,Private room in home,Private room,1,,1.0,78.0,17,74,164,62,4.69,252,19656.0
786181179052991690,THIRD WARD,42.65653,-73.76223,Entire rental unit,Entire home/apt,2,1.0,1.0,81.47,29,89,364,3,5.0,0,0.0
786228331433922432,SIXTH WARD,42.65322,-73.76249,Entire rental unit,Entire home/apt,2,1.0,1.0,86.95,19,79,354,5,4.6,60,5217.0
786316043239579100,FIFTH WARD,42.6591503133547,-73.75431932508945,Entire rental unit,Entire home/apt,4,1.0,1.0,148.5,0,27,302,43,4.77,42,6237.0
787023821243442039,FOURTEENTH WARD,42.6653,-73.7943,Entire home,Entire home/apt,8,3.0,4.0,292.14,17,65,105,150,4.94,228,66608.0
794723189688979530,FIFTH WARD,42.67283,-73.77367,Entire rental unit,Entire home/apt,6,3.0,3.0,137.33,1,17,255,24,4.5,54,7416.0
795541666227926706,NINTH WARD,42.656329,-73.7752048,Shared room in bed and breakfast,Shared room,15,7.0,8.0,840.0,13,43,141,9,4.67,24,20160.0
796231143904004713,NINTH WARD,42.65582,-73.77541,Private room in bed and breakfast,Private room,2,1.0,1.0,167.0,26,78,185,12,4.58,0,0.0
797455132224782470,TENTH WARD,42.65741,-73.78034,Private room in home,Private room,2,,1.0,68.5,24,84,101,23,4.78,54,3699.0
802216634798169031,SIXTH WARD,42.65751,-73.77409,Private room in bed and breakfast,Private room,2,,1.0,190.0,17,67,171,6,4.33,0,0.0
803604897479679272,FOURTEENTH WARD,42.66691,-73.79338,Entire rental unit,Entire home/apt,6,3.0,,,0,0,2,7,5.0,84,
803814397190632412,NINTH WARD,42.656329,-73.775205,Private room in bed and breakfast,Private room,2,,2.0,179.0,21,74,181,6,4.67,0,0.0
803867986023966300,NINTH WARD,42.656329,-73.775205,Private room in bed and breakfast,Private room,2,,1.0,167.0,26,80,187,10,4.5,6,1002.0
809524698302742033,NINTH WARD,42.65613971519499,-73.79212237894535,Entire rental unit,Entire home/apt,4,2.0,2.0,109.83,11,71,161,3,4.67,120,13180.0
813640070361665090,THIRTEENTH WARD,42.67144,-73.79033,Private room in rental unit,Private room,2,,1.0,62.8,25,85,360,24,4.63,70,4396.0
816085193659797849,SIXTH WARD,42.65258,-73.76917,Entire rental unit,Entire home/apt,2,1.0,1.0,153.0,0,36,311,59,4.68,114,17442.0
821566342267452838,FOURTEENTH WARD,42.66109,-73.80479,Private room in home,Private room,1,,,13.25,0,19,294,3,5.0,0,0.0
826301775871257033,NINTH WARD,42.65500618912535,-73.77570156008005,Entire rental unit,Entire home/apt,5,2.0,2.0,236.0,24,80,355,80,4.51,255,60180.0
831122937768017113,FIFTEENTH WARD,42.67076,-73.82612,Entire home,Entire home/apt,9,5.0,5.0,363.0,10,54,321,140,4.95,210,76230.0
841524382518312215,SIXTH WARD,42.66008,-73.76977,Entire rental unit,Entire home/apt,4,2.0,2.0,137.0,30,87,362,6,4.33,0,0.0
841524433909352403,SIXTH WARD,42.65987,-73.77025,Entire rental unit,Entire home/apt,4,2.0,2.0,137.0,26,82,357,12,4.5,0,0.0
843481456379840308,SIXTH WARD,42.65483,-73.76353,Entire rental unit,Entire home/apt,4,3.0,2.0,113.64,29,89,364,2,3.5,0,0.0
845960193409947556,FIRST WARD,42.63504,-73.79833,Entire home,Entire home/apt,8,4.0,5.0,587.0,7,50,134,160,4.97,255,149685.0
846586211673806912,TWELFTH WARD,42.67336,-73.78619,Entire rental unit,Entire home/apt,7,3.0,3.0,266.0,2,6,173,21,4.52,12,3192.0
849460179246794510,SIXTH WARD,42.65432,-73.76531,Entire rental unit,Entire home/apt,3,2.0,,236.0,0,53,233,2,5.0,0,0.0
850173470105833039,SECOND WARD,42.6446,-73.75885,Private room in townhouse,Private room,3,,2.0,160.0,16,63,330,233,4.98,255,40800.0
850653820133738660,THIRTEENTH WARD,42.67177,-73.79464,Private room in home,Private room,1,,1.0,97.0,15,75,75,18,5.0,16,1552.0
857981934159027424,THIRD WARD,42.65817,-73.74935,Entire rental unit,Entire home/apt,2,1.0,1.0,137.0,15,64,339,30,4.83,48,6576.0
870457209918967324,FOURTEENTH WARD,42.66128,-73.80548,Private room in home,Private room,1,,,13.18,0,0,203,4,5.0,0,0.0
881231954286264195,SIXTH WARD,42.65379,-73.76901,Entire rental unit,Entire home/apt,2,1.0,1.0,144.0,25,81,356,31,4.84,66,9504.0
882229561343619620,TENTH WARD,42.6599733,-73.7747433,Entire rental unit,Entire home/apt,3,1.0,1.0,123.5,0,26,206,79,4.77,96,11856.0
887167811237271928,THIRD WARD,42.66246,-73.76576,Private room in rental unit,Private room,1,,2.0,48.71,29,89,364,32,4.66,70,3410.0
887179061681202083,THIRD WARD,42.6628771,-73.76534029999999,Private room in rental unit,Private room,1,,1.0,50.29,0,37,312,30,4.83,0,0.0
888859204851381094,THIRD WARD,42.6573,-73.7521,Entire rental unit,Entire home/apt,5,2.0,3.0,190.0,24,79,354,19,4.26,18,3420.0
898743867240851780,TENTH WARD,42.66087,-73.78655,Entire home,Entire home/apt,13,5.0,7.0,307.08,18,68,245,66,4.8,78,23952.0
902166216060824525,SEVENTH WARD,42.64787,-73.76707,Entire rental unit,Entire home/apt,5,2.0,2.0,257.0,20,75,182,65,4.77,90,23130.0
902326803627859755,TENTH WARD,42.66174,-73.78325,Private room in home,Private room,1,,1.0,46.39,0,50,325,2,5.0,120,5567.0
904392960639597224,THIRTEENTH WARD,42.6652959,-73.7868778,Entire rental unit,Entire home/apt,5,2.0,2.0,196.28,30,84,264,23,5.0,24,4711.0
905007131419044966,TENTH WARD,42.66217,-73.78299,Entire home,Entire home/apt,8,4.0,4.0,300.36,26,77,352,108,4.8,240,72086.0
916983723755256572,FOURTEENTH WARD,42.65872,-73.79555,Entire rental unit,Entire home/apt,2,1.0,3.0,72.53,0,0,273,7,5.0,168,12185.0
917510613914219375,TENTH WARD,42.66261,-73.79158,Private room in home,Private room,1,,1.0,92.0,7,36,36,18,4.94,48,4416.0
919055506310955442,FIFTH WARD,42.67292,-73.7776,Private room in rental unit,Private room,2,,1.0,107.0,29,89,364,0,,0,0.0
921076441920995839,THIRD WARD,42.6586,-73.75743,Entire rental unit,Entire home/apt,2,1.0,1.0,102.54,28,88,268,3,4.67,0,0.0
928948908785846870,THIRTEENTH WARD,42.67066,-73.79571,Entire rental unit,Entire home/apt,4,1.0,,,0,0,0,96,4.8,162,
932642358896439621,THIRTEENTH WARD,42.67224,-73.79301,Entire rental unit,Entire home/apt,4,2.0,2.0,171.5,10,10,10,52,4.62,66,11319.0
934035097653060273,SIXTH WARD,42.65655,-73.77434,Private room in bed and breakfast,Private room,2,,1.0,167.0,21,72,178,10,4.7,12,2004.0
937837897631191844,SIXTH WARD,42.65867,-73.77479,Room in hotel,Private room,2,1.0,1.0,174.0,25,81,189,3,5.0,6,1044.0
937917144482762419,TENTH WARD,42.65908,-73.77456,Room in hotel,Private room,2,1.0,1.0,174.0,4,39,147,9,4.67,12,2088.0
937927979762952955,TENTH WARD,42.66043,-73.77432,Room in hotel,Private room,2,1.0,1.0,174.0,24,80,188,3,4.67,6,1044.0
937935210290408974,SIXTH WARD,42.65847,-73.77272,Room in hotel,Private room,2,1.0,1.0,174.0,26,83,190,7,4.43,6,1044.0
937943638262956751,SIXTH WARD,42.65908,-73.77326,Room in hotel,Private room,2,1.0,1.0,292.0,24,78,182,4,4.0,12,3504.0
937959604296602771,TENTH WARD,42.66003,-73.7732,Room in hotel,Private room,2,1.0,1.0,280.0,21,76,184,2,5.0,12,3360.0
937966967490420635,SIXTH WARD,42.65857,-73.7744,Room in hotel,Private room,2,1.0,1.0,241.0,24,77,185,0,,0,0.0
938260134617291567,SIXTH WARD,42.65893,-73.77448,Room in hotel,Private room,2,1.0,1.0,241.0,26,79,187,0,,0,0.0
938266199766701429,TENTH WARD,42.66037,-73.77327,Room in hotel,Private room,2,1.0,1.0,241.0,27,82,190,0,,0,0.0
938271786418327576,SIXTH WARD,42.65868,-73.77333,Room in hotel,Private room,2,1.0,1.0,331.0,25,79,187,0,,0,0.0
938280419686165005,TENTH WARD,42.66036,-73.7729,Entire guesthouse,Entire home/apt,6,3.0,4.0,431.0,24,74,181,19,4.89,18,7758.0
938421117122010799,ELEVENTH WARD,42.6708367,-73.7853116,Private room in home,Private room,1,,1.0,75.6,0,59,334,27,4.85,10,756.0
938431811499141903,THIRTEENTH WARD,42.66974,-73.78611,Private room in home,Private room,1,,1.0,61.4,0,59,334,49,4.92,130,7982.0
942750363293463100,ELEVENTH WARD,42.67034,-73.7851,Private room in home,Private room,2,,1.0,71.8,10,70,345,23,4.91,40,2872.0
950211425725610511,SIXTH WARD,42.6541815,-73.76086049999999,Entire rental unit,Entire home/apt,4,2.0,2.0,287.0,16,50,313,259,4.91,255,73185.0
950613505102507073,FIRST WARD,42.6376753,-73.76854089999999,Entire home,Entire home/apt,8,3.0,,,0,0,0,14,5.0,84,
963920695464462572,SIXTH WARD,42.65241,-73.77002,Entire rental unit,Entire home/apt,2,1.0,1.0,184.0,10,60,335,139,4.86,228,41952.0
965313684808466476,THIRD WARD,42.65665876086533,-73.74939680099487,Entire rental unit,Entire home/apt,4,2.0,,,0,0,0,6,5.0,0,
966287799980701967,FIFTEENTH WARD,42.67059,-73.81678,Entire rental unit,Entire home/apt,4,2.0,2.0,160.17,14,73,164,28,4.93,42,6727.0
969886763377526954,FOURTEENTH WARD,42.66877,-73.79927,Private room in home,Private room,2,,1.0,90.0,14,14,14,165,4.86,222,19980.0
980034348801186320,SIXTH WARD,42.65312775001394,-73.76950465142727,Entire rental unit,Entire home/apt,2,2.0,3.0,177.0,10,43,295,42,4.9,102,18054.0
983306819910081094,FIFTH WARD,42.66628,-73.76512,Entire rental unit,Entire home/apt,4,2.0,4.0,208.5,0,17,107,7,4.43,12,2502.0
989010058281318863,THIRD WARD,42.65515515851637,-73.76052582647431,Entire rental unit,Entire home/apt,3,1.0,2.0,108.77,0,38,218,10,5.0,180,19579.0
990935487146379699,SIXTH WARD,42.65259924007496,-73.761780139996,Entire rental unit,Entire home/apt,1,1.0,1.0,144.0,26,69,69,43,4.86,144,20736.0
992119832780871644,FOURTEENTH WARD,42.67098,-73.80695,Entire rental unit,Entire home/apt,4,2.0,2.0,177.0,24,84,264,37,4.89,114,20178.0
992554549672159765,SEVENTH WARD,42.64485687096462,-73.77281881169621,Entire home,Entire home/apt,8,5.0,5.0,625.0,27,83,127,24,4.67,84,52500.0
993431459821117738,SIXTH WARD,42.65623,-73.7641152,Entire rental unit,Entire home/apt,6,3.0,,,0,0,0,12,5.0,0,
999161887055542119,THIRD WARD,42.65762,-73.75116,Entire rental unit,Entire home/apt,2,1.0,1.0,161.0,18,73,253,59,4.93,144,23184.0
1004978540001566331,EIGHTH WARD,42.6555,-73.81066,Entire home,Entire home/apt,6,3.0,3.0,257.91,10,44,215,97,4.99,246,63446.0
1005978346817864540,SECOND WARD,42.64534889999999,-73.75364650000002,Entire rental unit,Entire home/apt,12,4.0,4.0,355.0,20,77,352,106,4.66,234,83070.0
1007354086435981132,TENTH WARD,42.66091,-73.78453,Entire rental unit,Entire home/apt,6,4.0,,,0,0,0,39,4.77,0,
1010759793485911351,THIRTEENTH WARD,42.67003,-73.79771,Private room in home,Private room,1,,1.0,80.0,18,18,18,75,4.88,66,5280.0
1010759799610182054,THIRTEENTH WARD,42.66971,-73.79755,Private room in home,Private room,1,,1.0,84.0,10,10,10,113,4.89,252,21168.0
1010760496997974537,FOURTEENTH WARD,42.66806608232022,-73.79824947027458,Private room in home,Private room,2,,,73.0,3,3,3,19,4.95,102,7446.0
1012862218478447339,THIRTEENTH WARD,42.66989924546552,-73.7977031057611,Entire home,Entire home/apt,16,9.0,10.0,1265.0,9,67,337,11,5.0,66,83490.0
1013659440189111738,FOURTEENTH WARD,42.66873,-73.7993,Private room in home,Private room,1,,1.0,86.0,9,9,9,53,4.92,186,15996.0
1015385216942267174,NINTH WARD,42.6558992,-73.7965699,Private room in villa,Private room,2,,1.0,34.92,28,88,88,0,,0,0.0
1016050146219474145,SIXTH WARD,42.65539,-73.76416,Entire rental unit,Entire home/apt,3,,1.0,199.0,30,58,58,62,4.66,126,25074.0
1018295677909928470,FOURTEENTH WARD,42.66792031298625,-73.79895760671212,Private room in home,Private room,2,,1.0,75.0,10,10,10,54,4.93,222,16650.0
1018299533220989494,THIRTEENTH WARD,42.66996,-73.79816,Private room in home,Private room,2,,1.0,86.0,9,9,9,110,4.92,126,10836.0
1018972187574908115,SIXTH WARD,42.6535,-73.77046,Entire rental unit,Entire home/apt,2,1.0,1.0,164.0,9,59,334,71,4.72,66,10824.0
1020518500251473070,SECOND WARD,42.64714,-73.75466,Entire rental unit,Entire home/apt,2,,1.0,123.0,13,61,231,219,4.71,255,31365.0
1020993107237604444,THIRD WARD,42.6586,-73.76421,Entire rental unit,Entire home/apt,3,1.0,1.0,216.0,23,81,190,30,4.53,54,11664.0
1021011347006185640,THIRD WARD,42.65971,-73.76382,Entire rental unit,Entire home/apt,3,1.0,,216.0,0,1,1,37,4.59,48,10368.0
1034722814589239236,THIRD WARD,42.65711,-73.75133,Entire rental unit,Entire home/apt,4,2.0,,,0,0,0,2,4.5,0,
1043565517982254841,SECOND WARD,42.63976,-73.75705,Entire rental unit,Entire home/apt,4,2.0,2.0,171.0,24,77,347,31,4.42,72,12312.0
1052381112116173923,FIRST WARD,42.64081,-73.77463,Entire home,Entire home/apt,4,2.0,2.0,92.55,0,0,257,9,4.89,0,0.0
1056469473906808728,TWELFTH WARD,42.7149,-73.87649,Private room in home,Private room,4,,1.0,,28,88,268,1,5.0,0,
1061814091773376272,SECOND WARD,42.64418,-73.75316,Entire townhouse,Entire home/apt,16,5.0,5.0,531.0,19,76,351,24,4.71,36,19116.0
1062527013885315764,THIRTEENTH WARD,42.67096,-73.79514,Private room in home,Private room,1,,1.0,82.25,16,72,72,17,5.0,40,3290.0
1079742757364810916,SIXTH WARD,42.65531,-73.76449,Entire rental unit,Entire home/apt,3,1.0,,,0,0,0,10,5.0,18,
1090781013234004527,THIRD WARD,42.65975,-73.76311,Entire rental unit,Entire home/apt,4,1.0,1.0,88.07,28,88,268,1,5.0,0,0.0
1091500387329731524,SECOND WARD,42.64409,-73.75709,Entire rental unit,Entire home/apt,2,1.0,,130.5,16,71,77,98,4.84,192,25056.0
1097995825442731795,SIXTH WARD,42.65269,-73.76567,Entire rental unit,Entire home/apt,2,,1.0,132.0,6,37,37,70,4.91,126,16632.0
1100876731732967826,FOURTEENTH WARD,42.67008,-73.80691,Entire rental unit,Entire home/apt,5,2.0,2.0,147.59,24,77,257,51,4.84,126,18596.0
1102984130027939637,SIXTH WARD,42.65289,-73.76834,Entire rental unit,Entire home/apt,2,1.0,,181.0,27,85,360,67,4.58,102,18462.0
1104977057298366617,THIRTEENTH WARD,42.66943,-73.79882,Private room in home,Private room,2,,1.0,97.0,13,13,13,56,4.96,42,4074.0
1105303461851883481,THIRD WARD,42.65749,-73.75263,Entire home,Entire home/apt,4,2.0,2.0,,1,59,211,0,,0,
1111221935683053416,THIRD WARD,42.6564469,-73.7507251,Entire rental unit,Entire home/apt,5,1.0,,125.0,9,23,189,27,4.48,90,11250.0
1112912010299078781,FOURTEENTH WARD,42.66431440028217,-73.81606654264979,Entire home,Entire home/apt,4,2.0,,118.33,0,0,112,3,5.0,18,2130.0
1119691401020641385,SIXTH WARD,42.65348,-73.7637,Entire rental unit,Entire home/apt,2,1.0,2.0,195.0,28,86,266,30,4.93,90,17550.0
1120212616553191970,SIXTH WARD,42.65194,-73.76526,Entire rental unit,Entire home/apt,2,1.0,2.0,210.0,28,86,266,36,4.86,48,10080.0
1121699903906738345,SIXTH WARD,42.65314,-73.76546,Entire rental unit,Entire home/apt,2,1.0,1.0,313.5,0,0,161,6,3.83,0,0.0
1123231471304541808,FIFTEENTH WARD,42.66901,-73.82402,Entire townhouse,Entire home/apt,4,2.0,,218.54,11,18,293,89,4.82,234,51138.0
1124558577325015506,SECOND WARD,42.646032,-73.760482,Entire rental unit,Entire home/apt,2,1.0,,116.33,0,36,216,7,4.57,18,2094.0
1124632058968031818,SECOND WARD,42.646032,-73.760482,Entire home,Entire home/apt,2,1.0,,137.0,0,0,83,8,5.0,30,4110.0
1128386510439836615,SEVENTH WARD,42.64893,-73.76886,Entire rental unit,Entire home/apt,3,1.0,1.0,85.6,13,30,210,2,4.0,0,0.0
1131258472427093335,FIFTEENTH WARD,42.674853495878494,-73.81692445092622,Entire rental unit,Entire home/apt,4,2.0,2.0,206.0,11,58,328,122,4.98,255,52530.0
1134940445251354534,THIRD WARD,42.65909,-73.75691,Entire rental unit,Entire home/apt,2,2.0,1.0,90.07,28,88,268,2,4.0,0,0.0
1135812630237897119,THIRTEENTH WARD,42.6689614,-73.7890379,Private room in rental unit,Private room,1,,1.0,46.25,0,55,235,0,,0,0.0
1136433500940918827,THIRTEENTH WARD,42.66368,-73.78128,Private room in home,Private room,1,,1.0,78.17,29,89,364,0,,0,0.0
1141525488442370659,THIRTEENTH WARD,42.6689614,-73.7890379,Private room in guesthouse,Private room,1,1.0,1.0,37.53,0,56,236,2,3.5,112,4203.0
1142828940864329671,FIRST WARD,42.64094,-73.7767,Entire home,Entire home/apt,4,2.0,,,0,0,0,4,4.0,0,
1142832011692120213,THIRTEENTH WARD,42.67105,-73.7995,Entire rental unit,Entire home/apt,2,1.0,2.0,181.5,6,38,297,11,4.91,30,5445.0
1146241260871564965,SIXTH WARD,42.6524924,-73.7674361,Entire rental unit,Entire home/apt,4,1.0,3.0,157.0,6,47,199,119,4.86,255,40035.0
1147092019793504034,SIXTH WARD,42.65274,-73.76779,Entire rental unit,Entire home/apt,4,1.0,3.0,128.0,0,23,112,102,4.71,180,23040.0
1150611568915810847,SIXTH WARD,42.6586049,-73.76803290000001,Entire rental unit,Entire home/apt,3,1.0,1.0,164.0,4,47,227,19,4.68,48,7872.0
1158059552251999833,TENTH WARD,42.66428,-73.79249,Private room in home,Private room,1,,1.0,71.82,29,89,269,2,5.0,0,0.0
1158239701426064904,THIRD WARD,42.65845,-73.75926,Entire rental unit,Entire home/apt,2,,,108.43,29,89,269,0,,0,0.0
1164651175585600815,SEVENTH WARD,42.64727,-73.76758,Entire rental unit,Entire home/apt,3,1.0,1.0,216.0,13,34,309,16,4.38,12,2592.0
1171795874799450911,SIXTH WARD,42.65314,-73.7653,Entire rental unit,Entire home/apt,4,2.0,2.0,235.0,21,27,93,79,4.9,174,40890.0
1173390858101803102,SEVENTH WARD,42.64442,-73.77938,Entire home,Entire home/apt,6,4.0,4.0,399.5,19,68,68,32,4.97,78,31161.0
1174544643387116469,THIRTEENTH WARD,42.66894,-73.79549,Entire rental unit,Entire home/apt,6,3.0,,,0,0,0,76,4.93,126,
1182574461437954732,SIXTH WARD,42.6534205,-73.7639758,Entire rental unit,Entire home/apt,2,,1.0,200.0,28,55,55,39,4.85,78,15600.0
1183457852972127594,SIXTH WARD,42.65227,-73.7646,Entire rental unit,Entire home/apt,2,,1.0,277.0,10,36,36,43,4.74,114,31578.0
1183460523409924571,SIXTH WARD,42.6524,-73.76351,Entire rental unit,Entire home/apt,2,,1.0,187.0,27,54,54,40,4.68,126,23562.0
1185537980724624711,SIXTH WARD,42.65327,-73.76181,Entire rental unit,Entire home/apt,3,1.0,2.0,134.0,10,42,123,249,4.94,255,34170.0
1185591493744586895,FOURTEENTH WARD,42.66612,-73.79275,Private room in home,Private room,1,,1.0,47.04,0,29,209,0,,0,0.0
1187591175698501325,NINTH WARD,42.65502,-73.79183,Entire home,Entire home/apt,6,4.0,5.0,342.5,10,62,62,29,4.72,6,2055.0
1189245100874558445,SIXTH WARD,42.65333,-73.7711,Entire rental unit,Entire home/apt,2,2.0,2.0,183.0,21,74,349,50,4.84,156,28548.0
1189249179392132534,TENTH WARD,42.66215,-73.79048,Entire rental unit,Entire home/apt,2,1.0,1.0,179.0,0,45,320,56,4.79,126,22554.0
1191895319439613036,TENTH WARD,42.6605291,-73.7831549,Private room in home,Private room,1,,1.0,33.22,28,88,363,2,3.0,112,3721.0
1196459023545165129,SIXTH WARD,42.655732,-73.764735,Entire condo,Entire home/apt,2,1.0,1.0,293.6,29,75,350,0,,0,0.0
1198592120169206200,TENTH WARD,42.66269,-73.78163,Private room in home,Private room,1,,1.0,71.16,15,75,350,0,,0,0.0
1201525324551556925,NINTH WARD,42.65506735928797,-73.79768460988998,Private room in home,Private room,1,8.0,1.0,55.12,5,47,47,6,5.0,60,3307.0
1208695175897245796,TENTH WARD,42.6639,-73.7927,Private room in home,Private room,1,,1.0,71.82,29,89,364,0,,0,0.0
1209313814437527365,THIRTEENTH WARD,42.67318,-73.79345,Private room in home,Private room,1,,1.0,97.0,28,88,88,4,5.0,16,1552.0
1224184445857718550,THIRTEENTH WARD,42.66859,-73.78832,Private room in rental unit,Private room,1,,1.0,38.48,17,61,336,4,4.75,112,4310.0
1226835353025929478,THIRTEENTH WARD,42.6689404,-73.78900639999999,Private room in home,Private room,2,1.0,1.0,86.0,15,75,350,0,,0,0.0
1227494196390230149,THIRTEENTH WARD,42.66955,-73.78542,Entire rental unit,Entire home/apt,5,3.0,3.0,194.0,18,73,348,15,5.0,48,9312.0
1230257693323535013,SIXTH WARD,42.65507161089614,-73.76475094677727,Entire rental unit,Entire home/apt,3,1.0,2.0,253.0,16,59,239,88,4.93,246,62238.0
1233366548908684664,SIXTH WARD,42.65173,-73.76786,Entire rental unit,Entire home/apt,4,1.0,3.0,157.0,13,43,217,116,4.8,255,40035.0
1234376912864523021,SIXTH WARD,42.65046806904435,-73.7643479581064,Entire rental unit,Entire home/apt,2,1.0,1.0,192.5,17,67,342,3,5.0,6,1155.0
1242227342075722524,SECOND WARD,42.6425,-73.75889,Private room in rental unit,Private room,1,,1.0,69.0,29,86,361,40,4.8,36,2484.0
1252203595666312568,TENTH WARD,42.665179051217486,-73.79260147965597,Private room in home,Private room,1,,1.0,71.82,0,29,304,1,5.0,56,4022.0
1252258297385952172,EIGHTH WARD,42.64548739100758,-73.7896032151887,Entire home,Entire home/apt,6,3.0,2.0,312.5,27,87,362,0,,0,0.0
1252301211909514289,TENTH WARD,42.66555578069533,-73.79269774597833,Private room in home,Private room,1,,1.0,77.49,23,83,358,1,5.0,0,0.0
1256391301639690602,SIXTH WARD,42.65422976833157,-73.76982577313373,Entire rental unit,Entire home/apt,2,1.0,1.0,182.0,0,56,331,26,4.58,96,17472.0
1256498995571429533,TENTH WARD,42.66226,-73.78221,Private room in home,Private room,1,,1.0,55.24,11,71,161,0,,0,0.0
1264531987910224088,SEVENTH WARD,42.64762856666501,-73.76751684061892,Entire rental unit,Entire home/apt,5,2.0,2.0,263.0,11,58,333,43,4.72,96,25248.0
1265342374507338537,SIXTH WARD,42.65004675077063,-73.76402178164355,Entire rental unit,Entire home/apt,2,,1.0,149.5,15,20,246,6,4.83,0,0.0
1266676779473584420,SIXTH WARD,42.65319027333566,-73.76970599961155,Private room in home,Private room,2,,1.0,,23,82,82,1,4.0,0,
1268205616603776750,SIXTH WARD,42.65137969505171,-73.76947069212083,Entire rental unit,Entire home/apt,2,1.0,,145.0,21,77,352,62,4.89,255,36975.0
1273861365984558378,TWELFTH WARD,42.686850591818136,-73.81405551801146,Entire rental unit,Entire home/apt,2,,,,23,83,358,0,,0,
1274613024891750632,THIRD WARD,42.66487530937626,-73.76730339028755,Entire home,Entire home/apt,4,2.0,1.0,85.12,15,61,336,1,5.0,6,511.0
1279781671588026640,SECOND WARD,42.6453112779392,-73.75793399720892,Private room in townhouse,Private room,1,2.0,1.0,52.0,13,30,305,6,4.67,0,0.0
1279846646046615122,THIRD WARD,42.664093,-73.7679519,Private room in rental unit,Private room,1,1.0,1.0,36.06,0,22,297,1,5.0,56,2019.0
1284983740417509877,FOURTH WARD,42.67445142837617,-73.73835701264711,Entire home,Entire home/apt,4,2.0,2.0,289.0,27,87,177,5,3.8,12,3468.0
1289084606313003203,NINTH WARD,42.6566562848808,-73.78182705491781,Entire rental unit,Entire home/apt,2,1.0,1.0,206.0,15,73,348,39,4.74,60,12360.0
1292881870228693830,TENTH WARD,42.66229705990609,-73.78175574496683,Private room in home,Private room,1,,1.0,46.39,0,0,132,0,,0,0.0
1294330125585979004,EIGHTH WARD,42.64592834063253,-73.79876141165387,Entire rental unit,Entire home/apt,4,2.0,2.0,155.0,0,0,166,0,,0,0.0
1295804289767410494,THIRTEENTH WARD,42.66345629680885,-73.7818281544101,Private room in home,Private room,1,,1.0,71.16,15,50,227,1,5.0,60,4270.0
1296651761769034648,THIRTEENTH WARD,42.66434543814111,-73.77874573138119,Private room in rental unit,Private room,2,,1.0,63.0,0,0,226,11,4.82,12,756.0
1296756366433115082,ELEVENTH WARD,42.66294970341223,-73.7789027115689,Private room in rental unit,Private room,2,,1.0,63.0,7,35,306,124,4.9,255,16065.0
1298067362380112500,SECOND WARD,42.64441207268658,-73.7522667363394,Entire rental unit,Entire home/apt,6,2.0,2.0,230.0,18,75,350,58,4.57,222,51060.0
1308084493028885153,TENTH WARD,42.66299894556866,-73.7825558531992,Private room in home,Private room,1,,1.0,71.82,0,0,177,1,5.0,56,4022.0
1308111521841678866,TENTH WARD,42.66239946679698,-73.78271260107455,Private room in home,Private room,1,,1.0,71.16,4,64,339,0,,0,0.0
1310170283925918533,ELEVENTH WARD,42.66375890730826,-73.77674406705056,Private room in rental unit,Private room,2,,1.0,66.0,5,28,282,71,4.92,255,16830.0
1319619558594743733,SIXTH WARD,42.65331,-73.76971,Entire rental unit,Entire home/apt,2,1.0,1.0,95.45,0,43,318,0,,0,0.0
1319649416178819713,FIFTEENTH WARD,42.67077854215789,-73.82525054567722,Entire rental unit,Entire home/apt,6,3.0,3.0,244.5,21,81,171,8,5.0,42,10269.0
1328247359330291677,SIXTH WARD,42.65015,-73.76337,Entire home,Entire home/apt,8,3.0,3.0,195.5,19,74,254,54,4.67,252,49266.0
1328401906195927790,SIXTH WARD,42.65262,-73.76134,Entire rental unit,Entire home/apt,2,1.0,1.0,160.5,13,46,321,6,4.67,12,1926.0
1329355205441244604,SIXTH WARD,42.65344807383542,-73.76942854374647,Entire rental unit,Entire home/apt,2,1.0,1.0,96.81,0,58,333,0,,0,0.0
1334238579190312184,SECOND WARD,42.6440750005831,-73.75452790055822,Entire rental unit,Entire home/apt,10,3.0,3.0,229.0,25,80,302,51,4.59,246,56334.0
1346801758960246004,SIXTH WARD,42.6556643,-73.7618859,Entire rental unit,Entire home/apt,2,1.0,1.0,158.33,30,86,361,17,4.41,102,16150.0
1350872245042831459,FIFTEENTH WARD,42.67003713546928,-73.82302715231661,Entire home,Entire home/apt,6,3.0,3.0,370.88,16,62,337,82,4.9,255,94574.0
1358581858384454275,THIRD WARD,42.66526304906058,-73.76716070107956,Entire rental unit,Entire home/apt,4,2.0,2.0,93.96,11,71,346,0,,0,0.0
1363867065584533091,THIRTEENTH WARD,42.66891,-73.79096,Entire home,Entire home/apt,5,3.0,3.0,349.0,0,44,319,8,4.13,30,10470.0
1366933239765507591,EIGHTH WARD,42.64533014600323,-73.789131045637,Entire home,Entire home/apt,8,4.0,4.0,354.0,13,44,214,51,4.86,216,76464.0
1369127908322228929,FOURTH WARD,42.66159372265361,-73.75439956511829,Entire rental unit,Entire home/apt,4,2.0,4.0,149.0,7,44,318,57,4.65,255,37995.0
1369145599555854547,FIFTH WARD,42.66023621248564,-73.75777994908182,Entire rental unit,Entire home/apt,4,2.0,1.0,84.0,27,87,274,0,,0,0.0
1369768924474303403,FIRST WARD,42.63962651941938,-73.7733080081594,Entire home,Entire home/apt,6,3.0,3.0,273.0,29,86,361,1,3.0,6,1638.0
1371626040166892504,TENTH WARD,42.66315402479468,-73.78910123743358,Entire rental unit,Entire home/apt,8,4.0,4.0,164.87,19,79,169,1,5.0,56,9233.0
1371829070623409671,SIXTH WARD,42.65040602684423,-73.76433185078635,Entire rental unit,Entire home/apt,4,1.0,2.0,132.0,8,37,305,97,4.84,255,33660.0
1374747174653747946,FOURTEENTH WARD,42.67057,-73.80939,Entire home,Entire home/apt,8,3.0,6.0,354.0,2,31,287,38,5.0,228,80712.0
1375007693720508441,FOURTEENTH WARD,42.66598411229728,-73.81880097091198,Entire home,Entire home/apt,5,3.0,3.0,219.57,8,68,68,3,5.0,28,6148.0
1376989617162173438,SEVENTH WARD,42.64764408604364,-73.7715925383664,Entire rental unit,Entire home/apt,2,1.0,1.0,148.0,6,37,209,13,4.85,66,9768.0
1377446918025263146,TENTH WARD,42.66148231183373,-73.78761856260732,Private room in rental unit,Private room,1,,,,0,0,0,3,5.0,255,
1377471842094741150,TENTH WARD,42.66310642184764,-73.78716159656459,Private room in rental unit,Private room,2,,,,0,0,0,2,5.0,224,
1377480167938312156,TENTH WARD,42.66183099633526,-73.78755056940085,Private room in rental unit,Private room,2,,,,0,0,0,2,5.0,224,
1379906377578749938,SEVENTH WARD,42.64628669280813,-73.7715308891403,Entire rental unit,Entire home/apt,2,1.0,1.0,148.0,0,28,301,47,4.74,228,33744.0
1381163571420241600,ELEVENTH WARD,42.68231684583981,-73.7836715628194,Entire rental unit,Entire home/apt,3,1.0,2.0,87.0,28,88,363,17,4.06,66,5742.0
1383513241348424944,FOURTEENTH WARD,42.66191,-73.7974412,Entire rental unit,Entire home/apt,5,3.0,3.0,297.0,22,81,356,62,4.98,255,75735.0
1383910626115273822,TENTH WARD,42.66317303594558,-73.78912755444637,Private room in rental unit,Private room,1,,,,0,0,0,1,5.0,112,
1390171272060324410,NINTH WARD,42.66002,-73.79333,Private room in rental unit,Private room,1,,3.0,54.86,0,0,258,1,5.0,0,0.0
1393482542585537728,FIFTH WARD,42.67652148547361,-73.78111383843994,Entire rental unit,Entire home/apt,2,1.0,1.0,88.0,30,88,363,12,4.83,60,5280.0
1393634936904017469,NINTH WARD,42.659475284293904,-73.79368120012339,Private room in home,Private room,1,,3.0,56.23,0,9,271,5,5.0,42,2362.0
1395671676833912969,THIRTEENTH WARD,42.669917189344,-73.78632927186241,Private room in rental unit,Private room,1,,1.0,57.2,0,44,319,4,4.5,40,2288.0
1396921235971014566,FOURTEENTH WARD,42.661116057130855,-73.79408139551636,Private room in home,Private room,1,,3.0,38.19,0,11,257,3,5.0,168,6416.0
1402461183704514588,TENTH WARD,42.6605291,-73.7831549,Entire home,Entire home/apt,5,4.0,4.0,120.0,24,84,359,2,4.0,56,6720.0
1405327220192978468,TENTH WARD,42.659903296506094,-73.78257397435888,Private room in home,Private room,1,,1.0,35.75,0,30,305,0,,0,0.0
1409646921435856252,FOURTH WARD,42.67225930444639,-73.7390519905538,Entire rental unit,Entire home/apt,2,1.0,1.0,159.0,1,57,57,7,5.0,42,6678.0
1429997390383679972,THIRD WARD,42.65665,-73.74868,Entire home,Entire home/apt,12,4.0,8.0,540.0,22,73,241,22,5.0,132,71280.0
1432721201430838386,THIRTEENTH WARD,42.669159851758046,-73.78528794056903,Entire rental unit,Entire home/apt,6,3.0,3.0,258.5,15,75,350,4,5.0,24,6204.0
1432823196473666155,THIRD WARD,42.6579207870488,-73.75026566418697,Entire rental unit,Entire home/apt,2,1.0,,157.0,0,0,110,1,5.0,6,942.0
1434108183586713709,ELEVENTH WARD,42.682246872011966,-73.78338389658927,Entire rental unit,Entire home/apt,4,1.0,2.0,94.0,29,89,364,21,4.24,120,11280.0
1434112653259573474,ELEVENTH WARD,42.680525565301686,-73.7852461638938,Entire rental unit,Entire home/apt,2,1.0,1.0,85.0,23,83,358,7,4.43,42,3570.0
1435590570769303352,SIXTH WARD,42.65422697397571,-73.76720390736077,Entire rental unit,Entire home/apt,2,1.0,1.0,117.0,10,66,243,29,4.86,174,20358.0
1435797229942642808,SIXTH WARD,42.65759,-73.7652,Entire home,Entire home/apt,4,2.0,2.0,,30,90,365,0,,0,
1439472202376740681,SECOND WARD,42.64439,-73.75296,Entire rental unit,Entire home/apt,6,2.0,2.0,242.0,13,40,167,35,4.6,210,50820.0
1441615290727481693,TENTH WARD,42.66035,-73.78296,Private room in rental unit,Private room,1,,1.0,43.67,30,90,365,2,2.5,12,524.0
1447202556849361134,THIRTEENTH WARD,42.66951,-73.78736,Entire rental unit,Entire home/apt,4,3.0,3.0,220.0,26,86,361,3,5.0,18,3960.0
1448501719166920474,SECOND WARD,42.64587,-73.75356,Entire rental unit,Entire home/apt,5,2.0,2.0,180.0,20,78,353,15,4.73,90,16200.0
1450136720901316807,SECOND WARD,42.64535,-73.75678,Entire rental unit,Entire home/apt,2,1.0,1.0,75.0,12,55,319,88,4.61,255,19125.0
1450156329560932974,SECOND WARD,42.64510481133944,-73.75712113379716,Entire rental unit,Entire home/apt,2,1.0,1.0,75.0,13,55,323,84,4.64,255,19125.0
1453493003584640545,ELEVENTH WARD,42.67878121331852,-73.78212919711405,Room in hotel,Hotel room,4,1.0,,,0,0,87,2,1.0,12,
1453848711003760340,NINTH WARD,42.6561578,-73.7921126,Entire rental unit,Entire home/apt,4,2.0,2.0,107.48,10,70,70,2,5.0,124,13328.0
1454415655361201543,FIFTH WARD,42.67619,-73.78121,Entire rental unit,Entire home/apt,2,1.0,1.0,83.0,30,90,365,3,3.67,18,1494.0
1454417108090792705,FIFTH WARD,42.67639,-73.78086,Entire rental unit,Entire home/apt,2,1.0,1.0,90.0,28,88,363,15,4.53,90,8100.0
1454418356838968327,FIFTH WARD,42.67612,-73.78092,Entire rental unit,Entire home/apt,2,1.0,1.0,104.0,26,86,361,21,4.38,126,13104.0
1455799924350084157,TENTH WARD,42.66355584811417,-73.7934588865277,Entire rental unit,Entire home/apt,2,1.0,1.0,160.0,26,78,353,7,4.57,42,6720.0
1459126168828019962,FOURTEENTH WARD,42.6677,-73.80023,Entire condo,Entire home/apt,2,,1.0,81.4,10,47,300,24,4.83,240,19536.0
1459718314728545998,SECOND WARD,42.64604,-73.75419,Entire rental unit,Entire home/apt,4,2.0,1.0,309.0,30,83,83,17,4.94,102,31518.0
1462505515338851900,SECOND WARD,42.64403,-73.75853,Entire condo,Entire home/apt,4,2.0,2.0,199.0,1,49,322,52,4.75,255,50745.0
1464782804892875821,SECOND WARD,42.64491,-73.7594,Entire rental unit,Entire home/apt,4,2.0,2.0,199.0,17,70,343,38,4.82,228,45372.0
1465797274904716360,THIRD WARD,42.65704,-73.75167,Entire rental unit,Entire home/apt,4,1.0,1.0,132.71,15,75,350,0,,0,0.0
1468113967156529966,FIFTH WARD,42.67627,-73.78226,Entire rental unit,Entire home/apt,2,1.0,2.0,91.0,25,85,360,6,4.5,36,3276.0
1468119019136340688,ELEVENTH WARD,42.68022603152647,-73.78336880840826,Entire rental unit,Entire home/apt,2,1.0,1.0,97.0,25,85,360,5,4.2,30,2910.0
1470493488040078187,SIXTH WARD,42.65116120175577,-73.76489493995905,Entire rental unit,Entire home/apt,2,1.0,1.0,139.0,0,15,290,2,4.0,12,1668.0
1472122509160785254,FOURTH WARD,42.65791,-73.74669,Entire rental unit,Entire home/apt,2,1.0,1.0,171.5,27,79,352,13,4.92,78,13377.0
1473485941065182946,TENTH WARD,42.66295,-73.78792,Private room in home,Private room,1,,1.0,82.25,0,50,50,2,5.0,16,1316.0
1473500943932986440,TENTH WARD,42.66241617967561,-73.78837960927946,Private room in home,Private room,1,,1.0,77.6,0,24,114,1,5.0,10,776.0
1473509751949424528,TENTH WARD,42.66325814454161,-73.78982669559142,Private room in home,Private room,1,,1.0,83.14,0,36,36,2,5.0,84,6984.0
1476084665532782592,TENTH WARD,42.66232293480178,-73.78771391087372,Private room in home,Private room,1,,1.0,42.83,0,12,102,2,5.0,112,4797.0
1476780998285613744,THIRD WARD,42.6498098,-73.75325649999999,Entire condo,Entire home/apt,2,1.0,1.0,120.0,6,11,164,11,5.0,66,7920.0
1477111453930200793,NINTH WARD,42.65547,-73.78949,Entire home,Entire home/apt,8,3.0,4.0,485.0,16,57,315,58,4.93,255,123675.0
1477115953609986339,SIXTH WARD,42.65787363814481,-73.76544767506958,Entire rental unit,Entire home/apt,4,2.0,2.0,,30,86,361,0,,0,
1477468172276783780,TENTH WARD,42.66344,-73.78752,Entire home,Entire home/apt,9,4.0,4.0,159.69,0,12,102,0,,0,0.0
1479696659954496070,SIXTH WARD,42.6523779,-73.7671603,Entire rental unit,Entire home/apt,2,1.0,1.0,160.0,17,74,345,36,4.97,216,34560.0
1481862654824444067,ELEVENTH WARD,42.67808,-73.78208,Entire rental unit,Entire home/apt,4,1.0,2.0,88.0,28,88,363,5,3.8,30,2640.0
1481865863422349835,FIFTH WARD,42.675801777825,-73.78036874911213,Entire rental unit,Entire home/apt,2,1.0,1.0,83.0,28,84,359,2,4.0,12,996.0
1481869272871304149,FIFTH WARD,42.67736,-73.78108,Entire rental unit,Entire home/apt,4,1.0,2.0,87.0,23,81,356,10,4.2,60,5220.0
1482199242377376639,ELEVENTH WARD,42.68094050143159,-73.7846106000441,Entire rental unit,Entire home/apt,2,1.0,1.0,90.0,28,82,357,11,4.64,66,5940.0
1485723149961736573,ELEVENTH WARD,42.68205,-73.7846,Entire rental unit,Entire home/apt,4,1.0,2.0,92.0,30,90,365,1,3.0,6,552.0
1485726503410193437,ELEVENTH WARD,42.68211,-73.78306,Entire rental unit,Entire home/apt,4,1.0,2.0,87.0,27,87,362,4,3.25,24,2088.0
1498161268794053659,SIXTH WARD,42.65334,-73.76605,Entire rental unit,Entire home/apt,3,1.0,1.0,115.0,0,0,166,47,4.87,255,29325.0
1498389804589049324,THIRD WARD,42.6567,-73.75412,Entire home,Entire home/apt,8,3.0,3.0,295.2,18,76,203,38,5.0,228,67306.0
1498884258657376096,SIXTH WARD,42.653261512538336,-73.76980902840452,Private room in rental unit,Private room,2,,1.0,67.0,16,71,71,22,4.73,132,8844.0
1498913624552583326,SIXTH WARD,42.65479,-73.76274,Entire rental unit,Entire home/apt,2,1.0,1.0,98.54,30,90,365,0,,0,0.0
1510280924413149938,SEVENTH WARD,42.64166,-73.78424,Private room in home,Private room,1,1.0,1.0,126.0,0,0,136,3,5.0,18,2268.0
1511453437878117120,SIXTH WARD,42.65294,-73.76511,Entire rental unit,Entire home/apt,2,1.0,1.0,160.0,30,84,359,0,,0,0.0
1511463115578002586,FOURTH WARD,42.67410612815129,-73.75067767016992,Entire rental unit,Entire home/apt,3,1.0,1.0,173.7,0,0,135,1,5.0,6,1042.0
1511475748634247539,SIXTH WARD,42.65562,-73.76445,Entire home,Entire home/apt,3,1.0,1.0,127.5,29,83,358,0,,0,0.0
1511560319275262460,SIXTH WARD,42.65426,-73.76308,Entire home,Entire home/apt,2,1.0,1.0,116.0,30,84,359,1,5.0,6,696.0
1511573692636646423,SIXTH WARD,42.65228,-73.76491,Entire rental unit,Entire home/apt,2,1.0,1.0,136.5,30,86,361,0,,0,0.0
1511582525879389671,SIXTH WARD,42.65303,-73.76101,Entire rental unit,Entire home/apt,3,1.0,1.0,213.0,29,83,358,0,,0,0.0
1518943235257584991,NINTH WARD,42.65527,-73.78585,Entire rental unit,Entire home/apt,6,3.0,3.0,193.23,4,64,339,1,5.0,14,2705.0
1519726896462850649,TENTH WARD,42.65841,-73.78321,Entire home,Entire home/apt,8,4.0,4.0,465.0,9,54,320,32,4.94,192,89280.0
1521064839093130562,ELEVENTH WARD,42.6817,-73.78439,Entire rental unit,Entire home/apt,2,1.0,1.0,102.0,30,90,365,5,4.6,30,3060.0
1522036487464000982,SIXTH WARD,42.65393,-73.7693,Entire rental unit,Entire home/apt,2,1.0,1.0,143.0,0,54,329,13,4.85,78,11154.0
1523640223905336810,SIXTH WARD,42.65323354077172,-73.76717951148748,Entire rental unit,Entire home/apt,2,,1.0,234.0,18,71,330,3,4.67,18,4212.0
1526311749920806783,NINTH WARD,42.65539199421058,-73.79223161741,Private room in rental unit,Private room,2,1.0,1.0,106.0,0,35,125,0,,0,0.0
1528281264652621033,SIXTH WARD,42.6542,-73.77128,Entire rental unit,Entire home/apt,4,2.0,2.0,210.0,8,57,324,27,4.96,162,34020.0
1528330624684718752,EIGHTH WARD,42.64273221597384,-73.79208773618511,Entire home,Entire home/apt,5,2.0,2.0,185.0,5,32,282,53,5.0,255,47175.0
1533289095503516108,NINTH WARD,42.64724,-73.79126,Private room in home,Private room,4,2.0,2.0,109.0,17,52,323,12,4.75,72,7848.0
1536247531274306165,NINTH WARD,42.65602,-73.79093,Private room in rental unit,Private room,2,1.0,1.0,88.56,0,38,313,1,5.0,6,531.0
1536278546396096866,ELEVENTH WARD,42.68018,-73.78375,Entire rental unit,Entire home/apt,4,1.0,2.0,115.0,16,76,351,12,4.33,72,8280.0
1536284748778227579,ELEVENTH WARD,42.68006,-73.78465,Entire rental unit,Entire home/apt,4,1.0,2.0,105.0,22,79,354,3,4.0,18,1890.0
1537317274129063828,FIRST WARD,42.63622,-73.76152,Entire rental unit,Entire home/apt,2,2.0,2.0,82.16,26,76,351,0,,0,0.0
1539257231318688412,SECOND WARD,42.64685431072279,-73.75872250646353,Entire serviced apartment,Entire home/apt,4,2.0,2.0,538.5,19,73,90,17,5.0,102,54927.0
1543521505193089890,FOURTEENTH WARD,42.6588327,-73.8016217,Entire rental unit,Entire home/apt,4,2.0,2.0,253.0,26,74,349,13,5.0,78,19734.0
1543563506149572271,TENTH WARD,42.6618257,-73.7869405,Private room in home,Private room,1,1.0,1.0,71.82,0,37,312,1,5.0,56,4022.0
1551748338533337194,SIXTH WARD,42.65363855900304,-73.76603515627508,Entire rental unit,Entire home/apt,2,1.0,1.0,119.0,18,66,341,19,4.68,114,13566.0
1552262639712311369,TENTH WARD,42.66271913809538,-73.78779238125394,Private room in home,Private room,1,1.0,1.0,71.82,0,45,320,0,,0,0.0
1554405857186813446,EIGHTH WARD,42.6566942427135,-73.81901754349369,Entire home,Entire home/apt,4,2.0,2.0,,23,83,358,0,,0,
1557309322062215916,ELEVENTH WARD,42.67997,-73.78387,Entire rental unit,Entire home/apt,4,1.0,2.0,95.0,30,90,365,4,3.5,24,2280.0
1557418437023831902,SIXTH WARD,42.6508268,-73.76684019999999,Entire rental unit,Entire home/apt,2,2.0,2.0,177.0,0,0,46,3,5.0,18,3186.0
1558212573214197450,NINTH WARD,42.65644,-73.78689,Entire rental unit,Entire home/apt,6,3.0,3.0,158.59,22,82,357,1,5.0,28,4441.0
1566232743630647475,SIXTH WARD,42.65388029669575,-73.7679764985571,Entire rental unit,Entire home/apt,2,,1.0,148.5,0,13,288,4,4.0,24,3564.0
1566707423187643353,ELEVENTH WARD,42.68137,-73.78513,Entire rental unit,Entire home/apt,2,1.0,1.0,85.0,27,87,362,14,4.21,84,7140.0
1567582934369300353,SIXTH WARD,42.65195580501727,-73.76696731690608,Entire rental unit,Entire home/apt,3,1.0,3.0,126.0,11,26,26,1,5.0,6,756.0
1568368313802744532,NINTH WARD,42.65524020991202,-73.79811074584723,Private room in home,Private room,1,8.0,1.0,77.11,8,50,67,3,5.0,18,1388.0
1569797647320776814,NINTH WARD,42.65309,-73.77427,Entire rental unit,Entire home/apt,4,2.0,2.0,,14,74,349,2,5.0,120,
1569797656869013772,SIXTH WARD,42.65444884256252,-73.77460435258136,Entire rental unit,Entire home/apt,2,1.0,1.0,,12,72,347,2,4.5,120,
1574726862531115374,NINTH WARD,42.65319,-73.78387,Private room in home,Private room,1,4.0,,63.05,0,9,189,4,4.75,56,3531.0
1576913365361669361,ELEVENTH WARD,42.68146,-73.78313,Entire rental unit,Entire home/apt,2,1.0,1.0,99.0,27,87,362,5,4.2,30,2970.0
1576918550123676963,ELEVENTH WARD,42.68006,-73.78386,Entire rental unit,Entire home/apt,2,1.0,1.0,91.0,27,87,362,9,4.0,54,4914.0
1579101894592916093,THIRTEENTH WARD,42.66958,-73.79722,Entire home,Entire home/apt,8,3.0,5.0,203.5,10,60,329,1,5.0,8,1628.0
1585685853276584426,THIRD WARD,42.6550306,-73.7517294,Entire home,Entire home/apt,2,1.0,1.0,190.0,11,11,11,14,4.86,84,15960.0
1596638255963225382,EIGHTH WARD,42.64514,-73.78866,Entire home,Entire home/apt,9,4.0,5.0,342.5,12,50,312,6,5.0,36,12330.0
1597469740249614567,SECOND WARD,42.64533778412286,-73.76016440370483,Entire townhouse,Entire home/apt,6,1.0,6.0,115.0,8,65,340,2,4.5,12,1380.0
1598781483129471644,SEVENTH WARD,42.649013030685936,-73.76681391621523,Entire rental unit,Entire home/apt,5,2.0,2.0,269.0,24,76,344,6,4.33,36,9684.0
1601567688822954799,EIGHTH WARD,42.65162,-73.81077,Entire home,Entire home/apt,4,2.0,2.0,208.5,0,0,166,5,5.0,30,6255.0
1604760798212891657,SIXTH WARD,42.65462,-73.76027,Entire rental unit,Entire home/apt,2,,1.0,185.0,26,86,361,11,4.45,66,12210.0
1606217702961434071,FIFTH WARD,42.66915740651244,-73.76762620544702,Entire home,Entire home/apt,6,2.0,,,0,0,0,2,3.0,12,
1607330191548894098,ELEVENTH WARD,42.68169,-73.78467,Entire rental unit,Entire home/apt,2,1.0,1.0,83.0,30,90,365,1,3.0,6,498.0
1607334788715779524,ELEVENTH WARD,42.68166,-73.78337,Entire rental unit,Entire home/apt,2,1.0,1.0,114.0,13,73,348,1,1.0,6,684.0
1607340037754690734,ELEVENTH WARD,42.68231,-73.78321,Entire rental unit,Entire home/apt,2,1.0,1.0,81.0,29,89,364,1,1.0,6,486.0
1608920506882484163,TENTH WARD,42.66238267923059,-73.78640926278895,Private room in home,Private room,1,1.0,1.0,71.82,0,1,276,1,5.0,56,4022.0
1609491851248019576,FIRST WARD,42.63919025375223,-73.77532939999998,Entire home,Entire home/apt,6,2.0,3.0,147.78,19,48,119,12,4.83,72,10640.0
1611095556132252611,SIXTH WARD,42.65214369849858,-73.76736431886972,Entire rental unit,Entire home/apt,2,1.0,1.0,164.0,11,68,343,22,4.91,132,21648.0
1621222584487520790,SIXTH WARD,42.65458,-73.76775,Private room in home,Private room,2,1.0,2.0,71.0,18,67,339,5,4.8,30,2130.0
1623402992949206626,TENTH WARD,42.66113314106272,-73.78734172367153,Private room in home,Private room,1,1.0,1.0,77.49,0,44,319,0,,0,0.0
1624218047074268044,SIXTH WARD,42.65298117308955,-73.765667492881,Entire home,Entire home/apt,6,3.0,4.0,226.0,14,62,334,10,4.9,60,13560.0
1624220967411055978,FOURTEENTH WARD,42.6586448,-73.80220039999999,Entire home,Entire home/apt,8,3.0,4.0,287.58,24,82,356,9,5.0,54,15529.0
1625785960216737938,SIXTH WARD,42.65389,-73.76616,Private room in home,Private room,2,1.0,1.0,71.0,14,63,335,2,4.5,12,852.0
1625791020781487478,SIXTH WARD,42.6539541879452,-73.76604151898783,Private room in home,Private room,2,1.0,2.0,71.0,20,69,341,5,3.8,30,2130.0
1630478581803523846,SEVENTH WARD,42.64745,-73.76968,Entire rental unit,Entire home/apt,6,3.0,3.0,320.0,25,78,353,2,4.5,12,3840.0
1633049934621785544,THIRTEENTH WARD,42.66923873358176,-73.79797219218071,Entire rental unit,Entire home/apt,6,3.0,3.0,158.4,0,24,299,3,4.33,30,4752.0
1633641779552135683,NINTH WARD,42.6549957,-73.7757215,Entire rental unit,Entire home/apt,2,1.0,1.0,225.0,15,72,347,6,4.67,36,8100.0
1635217551736403916,FOURTEENTH WARD,42.66827,-73.79883,Private room in rental unit,Private room,2,1.0,1.0,50.03,15,68,343,0,,0,0.0
1635240405807453219,FOURTEENTH WARD,42.66783,-73.80053,Private room in rental unit,Private room,2,1.0,1.0,46.93,0,35,310,1,5.0,10,469.0
1635265580977393988,THIRTEENTH WARD,42.66919,-73.79865,Private room in rental unit,Private room,2,1.0,1.0,69.4,0,24,299,3,5.0,30,2082.0
1641527185850065348,NINTH WARD,42.65427,-73.78645,Entire rental unit,Entire home/apt,4,2.0,1.0,149.5,19,74,349,8,4.88,48,7176.0
1642831315752534884,THIRD WARD,42.645489,-73.7502916,Room in hotel,Hotel room,4,1.0,2.0,124.0,29,87,313,0,,0,0.0
1642831317373890484,THIRD WARD,42.645489,-73.7502916,Room in hotel,Hotel room,4,1.0,2.0,124.0,29,87,313,0,,0,0.0
1642831320500756516,THIRD WARD,42.645489,-73.7502916,Room in hotel,Hotel room,8,2.0,4.0,248.0,28,86,312,0,,0,0.0
1642831320556495768,THIRD WARD,42.645489,-73.7502916,Room in hotel,Hotel room,8,2.0,4.0,248.0,28,86,312,0,,0,0.0
1642831328354866881,THIRD WARD,42.64549,-73.75029,Room in hotel,Hotel room,12,3.0,6.0,372.0,28,86,312,0,,0,0.0
1642831338477510068,THIRD WARD,42.645489,-73.7502916,Room in hotel,Hotel room,12,3.0,6.0,372.0,28,86,312,0,,0,0.0
1642831357854862198,THIRD WARD,42.645489,-73.7502916,Room in hotel,Hotel room,2,1.0,1.0,124.0,30,90,316,0,,0,0.0
1642831358435086060,THIRD WARD,42.645489,-73.7502916,Room in hotel,Hotel room,2,1.0,1.0,124.0,30,90,316,0,,0,0.0
1646643377149723211,SIXTH WARD,42.65384,-73.76763,Entire rental unit,Entire home/apt,5,2.0,3.0,132.67,23,75,331,6,5.0,36,4776.0
1649283129233038869,SIXTH WARD,42.6536325,-73.7702348,Entire rental unit,Entire home/apt,2,1.0,1.0,166.0,12,61,336,6,5.0,36,5976.0
1651021732885315528,NINTH WARD,42.65544,-73.77679,Entire home,Entire home/apt,5,3.0,3.0,160.0,0,13,13,6,5.0,36,5760.0
1651425766372437283,TENTH WARD,42.6618,-73.7901,Entire home,Entire home/apt,8,4.0,5.0,442.0,22,35,35,2,4.0,12,5304.0
1654602103016800086,SIXTH WARD,42.65356,-73.76744,Entire rental unit,Entire home/apt,5,2.0,3.0,131.67,22,79,335,5,4.8,30,3950.0
1656831350453126762,SIXTH WARD,42.65189235609319,-73.76530665904284,Entire rental unit,Entire home/apt,4,1.0,1.0,125.0,8,42,315,14,4.93,84,10500.0
1666864619234503961,TENTH WARD,42.66007822216503,-73.78203276840343,Private room in home,Private room,1,4.0,1.0,44.83,26,86,361,0,,0,0.0
1668908560677750116,TWELFTH WARD,42.68228286242759,-73.7850314479938,Entire rental unit,Entire home/apt,2,1.0,1.0,89.0,30,90,365,1,5.0,6,534.0
1671317227436920290,SIXTH WARD,42.65340967092361,-73.76791194418492,Entire rental unit,Entire home/apt,2,1.0,1.0,123.5,17,68,244,4,5.0,24,2964.0
1672441057520964004,SIXTH WARD,42.6536325,-73.7702348,Entire rental unit,Entire home/apt,2,1.0,1.0,208.0,20,76,351,1,5.0,6,1248.0
1674955979432338865,ELEVENTH WARD,42.66748,-73.77681,Private room in rental unit,Private room,1,1.0,1.0,42.07,13,73,163,0,,0,0.0
1676923223760898823,FIRST WARD,42.6378758,-73.7594293,Entire rental unit,Entire home/apt,4,2.0,2.0,224.0,30,87,362,2,4.5,12,2688.0
1679219922725006473,ELEVENTH WARD,42.68014,-73.78438,Entire rental unit,Entire home/apt,2,1.0,1.0,96.0,27,87,362,3,4.33,18,1728.0
1679228557851315055,ELEVENTH WARD,42.6814,-73.7843,Entire rental unit,Entire home/apt,2,1.0,1.0,97.0,29,89,364,1,5.0,6,582.0
1679242514590955763,ELEVENTH WARD,42.68033,-73.78411,Entire rental unit,Entire home/apt,2,1.0,1.0,91.0,23,83,358,0,,0,0.0
1680030011428536341,FOURTEENTH WARD,42.65883,-73.80162,Entire rental unit,Entire home/apt,4,1.0,2.0,200.16,30,86,361,0,,0,0.0
1681402940853722722,SIXTH WARD,42.65293,-73.76674,Entire rental unit,Entire home/apt,3,2.0,2.0,206.0,6,43,209,4,4.75,24,4944.0
1681915932025735153,TENTH WARD,42.66096,-73.77585,Entire rental unit,Entire home/apt,4,1.0,2.0,149.0,0,13,193,0,,0,0.0
1689544536474585971,SIXTH WARD,42.6512308,-73.76244630000001,Entire rental unit,Entire home/apt,2,1.0,1.0,213.0,0,44,319,0,,0,0.0
1697861560802480129,SIXTH WARD,42.6538498,-73.77216,Private room in rental unit,Private room,1,1.0,1.0,114.5,26,84,359,0,,0,0.0
1697894513901184937,SIXTH WARD,42.6538498,-73.77216,Private room in rental unit,Private room,1,2.0,1.0,86.0,30,87,362,0,,0,0.0
1701482737257369614,THIRD WARD,42.66314603900656,-73.7684582494418,Private room in rental unit,Private room,1,1.0,1.0,44.75,30,90,365,0,,0,0.0
